{
  "data": [
    {
      "Name": "Sajin",
      "Email": "sajin0904@gmail.com",
      "Password": "12345",
      "Confirm": "12345",
      "id": "973c"
    },
    {
      "id": "7f14",
      "Name": "Alen",
      "Email": "alenroro@gmail.com",
      "Password": "98765",
      "Confirm": "98765"
    },
    {
      "id": "b40d",
      "Name": "Sanjay",
      "Email": "sanjay2002@gmail.com",
      "Password": "12345",
      "Confirm": "12345"
    },
    {
      "id": "8342",
      "Name": "Jeba Singh",
      "Email": "jaebasingh@gmail.com",
      "Password": "12345",
      "Confirm": "12345"
    },
    {
      "id": "8c8c",
      "Name": "Magesh",
      "Email": "magesh123@gmail.com",
      "Password": "12345",
      "Confirm": "12345"
    },
    {
      "id": "4fe3",
      "Name": "John Jerish",
      "Email": "johnjerishj@gmail.com",
      "Password": "123456",
      "Confirm": "123456"
    }
  ],
  "adminlogin": [
    {
      "Email": "jaculinsteffi@gmail.com",
      "Password": "Jaculin@15",
      "id": "6c92"
    }
  ],
  "addproject": [
    {
      "id": "e8c3",
      "ProjectName": "Task Management System",
      "ProjectEmail": "jaculinsteffi@gmail.com",
      "ProjectDescription": "Task",
      "ProjectRequirement": "Use ReactJs and Json",
      "ProjectDeadline": "2024-05-30",
      "ProjectStatus": "Completed"
    },
    {
      "id": "0c4a",
      "ProjectName": "Swiggy",
      "ProjectEmail": "sajin0904@gmail.com",
      "ProjectDescription": "Create a Swiggy Clone",
      "ProjectRequirement": "Use ReactJs and Json",
      "ProjectDeadline": "2024-05-29",
      "ProjectStatus": "Completed"
    },
    {
      "id": "8f9f",
      "ProjectName": "Book My Show",
      "ProjectEmail": "sanjay2002@gmail.com",
      "ProjectDescription": "Create A book my Show  App clone",
      "ProjectRequirement": "Use ReactJs and Json",
      "ProjectDeadline": "2024-05-28",
      "ProjectStatus": "Completed"
    },
    {
      "id": "5993",
      "ProjectName": "Make My Trip",
      "ProjectEmail": "jaebasingh@gmail.com",
      "ProjectDescription": "Create A Clone Of Make My Trip App",
      "ProjectRequirement": "Use ReactJs and Json",
      "ProjectDeadline": "2024-05-31",
      "ProjectStatus": "Pending"
    },
    {
      "id": "2ef3",
      "ProjectName": "Instagram",
      "ProjectEmail": "magesh123@gmail.com",
      "ProjectDescription": "Create a Clone for Instagram App",
      "ProjectRequirement": "Use ReactJs and Json",
      "ProjectDeadline": "2024-05-30",
      "ProjectStatus": "Completed"
    },
    {
      "id": "262a",
      "ProjectName": "E-Commerce Website",
      "ProjectEmail": "johnjerishj@gmail.com",
      "ProjectDescription": "Create A E-Commerce Website",
      "ProjectRequirement": "Use ReactJs and Json",
      "ProjectDeadline": "2024-05-30",
      "ProjectStatus": "Completed"
    },
    {
      "id": "b841",
      "ProjectName": "Youtube Clone",
      "ProjectEmail": "alenroro@gmail.com",
      "ProjectDescription": "Create a youtube clone",
      "ProjectRequirement": "Use ReactJs and Json",
      "ProjectDeadline": "2024-05-30",
      "ProjectStatus": "Pending"
    }
  ]
}